make,fuel-type,aspiration,num-of-doors,body-style,drive-wheels,engine-location,wheel-base,length,width,height,curb-weight,engine-type,num-of-cylinders,engine-size,fuel-system,bore,stroke,compression-ratio,horsepower,peak-rpm,city-mpg,highway-mpg,price
alfa-romero,gas,std,two,convertible,rwd,front,88.6,168.8,64.1,48.8,2548,dohc,four,130,mpfi,2.7,2.68,13,111,5000,21,27,34860
alfa-romero,gas,std,two,convertible,rwd,front,88.6,168.8,64.1,48.8,2548,dohc,four,130,mpfi,3.1,2.68,7,111,5000,21,27,14109
alfa-romero,gas,std,two,hatchback,rwd,front,94.5,171.2,65.5,52.4,2823,ohcv,six,152,mpfi,3,3.47,10,154,5000,19,26,36256
audi,gas,std,four,sedan,fwd,front,99.8,176.6,66.2,54.3,2337,ohc,four,109,mpfi,3.7,3.4,12,102,5500,24,30,10811
audi,gas,std,four,sedan,4wd,front,99.4,176.6,66.4,54.3,2824,ohc,five,136,mpfi,3.9,3.4,21,115,5500,18,22,66026
audi,gas,std,two,sedan,fwd,front,99.8,177.3,66.3,53.1,2507,ohc,five,136,mpfi,3,3.4,16,110,5500,19,25,7203
audi,gas,std,four,sedan,fwd,front,105.8,192.7,71.4,55.7,2844,ohc,five,136,mpfi,3.7,3.4,22,110,5500,19,25,37783
audi,gas,std,four,wagon,fwd,front,105.8,192.7,71.4,55.7,2954,ohc,five,136,mpfi,3.3,3.4,23,110,5500,19,25,41091
audi,gas,turbo,four,sedan,fwd,front,105.8,192.7,71.4,55.9,3086,ohc,five,131,mpfi,2.8,3.4,23,140,5500,17,20,27410
audi,gas,turbo,two,hatchback,4wd,front,99.5,178.2,67.9,52,3053,ohc,five,131,mpfi,2.8,3.4,9,160,5500,16,22,64286
bmw,gas,std,two,sedan,rwd,front,101.2,176.8,64.8,54.3,2395,ohc,four,108,mpfi,3.3,2.8,21,101,5800,23,29,44131
bmw,gas,std,four,sedan,rwd,front,101.2,176.8,64.8,54.3,2395,ohc,four,108,mpfi,2.6,2.8,9,101,5800,23,29,52904
bmw,gas,std,two,sedan,rwd,front,101.2,176.8,64.8,54.3,2710,ohc,six,164,mpfi,2.8,3.19,8,121,4250,21,28,42419
bmw,gas,std,four,sedan,rwd,front,101.2,176.8,64.8,54.3,2765,ohc,six,164,mpfi,3.5,3.19,14,121,4250,21,28,53905
bmw,gas,std,four,sedan,rwd,front,103.5,189,66.9,55.7,3055,ohc,six,164,mpfi,3,3.19,23,121,4250,20,25,22194
bmw,gas,std,four,sedan,rwd,front,103.5,189,66.9,55.7,3230,ohc,six,209,mpfi,3.7,3.39,15,182,5400,16,22,56370
bmw,gas,std,two,sedan,rwd,front,103.5,193.8,67.9,53.7,3380,ohc,six,209,mpfi,3.6,3.39,23,182,5400,16,22,43500
bmw,gas,std,four,sedan,rwd,front,110,197,70.9,56.3,3505,ohc,six,209,mpfi,3.5,3.39,13,182,5400,15,20,33080
chevrolet,gas,std,two,hatchback,fwd,front,88.4,141.1,60.3,53.2,1488,rotor,three,61,2bbl,3.9,3.03,8,48,5100,47,53,42330
chevrolet,gas,std,two,hatchback,fwd,front,94.5,155.9,63.6,52,1874,ohc,four,90,2bbl,2.9,3.11,15,70,5400,38,43,45597
chevrolet,gas,std,four,sedan,fwd,front,94.5,158.8,63.6,52,1909,ohc,four,90,2bbl,3.2,3.11,14,70,5400,38,43,46260
dodge,gas,std,two,hatchback,fwd,front,93.7,157.3,63.8,50.8,1876,ohc,four,90,2bbl,3.3,3.23,23,68,5500,37,41,37864
dodge,gas,std,two,hatchback,fwd,front,93.7,157.3,63.8,50.8,1876,ohc,four,90,2bbl,3.9,3.23,17,68,5500,31,38,47497
dodge,gas,turbo,two,hatchback,fwd,front,93.7,157.3,63.8,50.8,2128,ohc,four,98,mpfi,3,3.39,22,102,5500,24,30,59187
dodge,gas,std,four,hatchback,fwd,front,93.7,157.3,63.8,50.6,1967,ohc,four,90,2bbl,2.8,3.23,11,68,5500,31,38,8500
dodge,gas,std,four,sedan,fwd,front,93.7,157.3,63.8,50.6,1989,ohc,four,90,2bbl,3.1,3.23,20,68,5500,31,38,19275
dodge,gas,std,four,sedan,fwd,front,93.7,157.3,63.8,50.6,1989,ohc,four,90,2bbl,2.9,3.23,16,68,5500,31,38,5849
dodge,gas,turbo,four,sedan,fwd,front,93.7,157.3,63.8,50.6,2191,ohc,four,98,mpfi,3.8,3.39,8,102,5500,24,30,12268
dodge,gas,std,four,wagon,fwd,front,103.3,174.6,64.6,59.8,2535,ohc,four,122,2bbl,3.1,3.46,17,88,5000,24,30,40985
dodge,gas,turbo,two,hatchback,fwd,front,95.9,173.2,66.3,50.2,2811,ohc,four,156,mfi,3.6,3.9,16,145,5000,19,24,51514
honda,gas,std,two,hatchback,fwd,front,86.6,144.6,63.9,50.8,1713,ohc,four,92,1bbl,3.2,3.41,11,58,4800,49,54,61512
honda,gas,std,two,hatchback,fwd,front,86.6,144.6,63.9,50.8,1819,ohc,four,92,1bbl,2.6,3.41,18,76,6000,31,38,14464
honda,gas,std,two,hatchback,fwd,front,93.7,150,64,52.6,1837,ohc,four,79,1bbl,2.8,3.07,10,60,5500,38,42,56026
honda,gas,std,two,hatchback,fwd,front,93.7,150,64,52.6,1940,ohc,four,92,1bbl,3.4,3.41,14,76,6000,30,34,44201
honda,gas,std,two,hatchback,fwd,front,93.7,150,64,52.6,1956,ohc,four,92,1bbl,3.6,3.41,17,76,6000,30,34,29668
honda,gas,std,four,sedan,fwd,front,96.5,163.4,64,54.5,2010,ohc,four,92,1bbl,2.6,3.41,11,76,6000,30,34,7146
honda,gas,std,four,wagon,fwd,front,96.5,157.1,63.9,58.3,2024,ohc,four,92,1bbl,3.4,3.41,11,76,6000,30,34,28142
honda,gas,std,two,hatchback,fwd,front,96.5,167.5,65.2,53.3,2236,ohc,four,110,1bbl,2.7,3.58,16,86,5800,27,33,61329
honda,gas,std,two,hatchback,fwd,front,96.5,167.5,65.2,53.3,2289,ohc,four,110,1bbl,3.9,3.58,15,86,5800,27,33,31128
honda,gas,std,four,sedan,fwd,front,96.5,175.4,65.2,54.1,2304,ohc,four,110,1bbl,2.7,3.58,14,86,5800,27,33,28507
honda,gas,std,four,sedan,fwd,front,96.5,175.4,62.5,54.1,2372,ohc,four,110,1bbl,3.3,3.58,15,86,5800,27,33,39053
honda,gas,std,four,sedan,fwd,front,96.5,175.4,65.2,54.1,2465,ohc,four,110,mpfi,3.3,3.58,13,101,5800,24,28,16200
honda,gas,std,two,sedan,fwd,front,96.5,169.1,66,51,2293,ohc,four,110,2bbl,3.7,3.58,19,100,5500,25,31,7215
isuzu,gas,std,four,sedan,rwd,front,94.3,170.7,61.8,53.5,2337,ohc,four,111,2bbl,3.5,3.23,10,78,4800,24,29,43622
isuzu,gas,std,two,sedan,fwd,front,94.5,155.9,63.6,52,1874,ohc,four,90,2bbl,2.7,3.11,16,70,5400,38,43,14003
isuzu,gas,std,four,sedan,fwd,front,94.5,155.9,63.6,52,1909,ohc,four,90,2bbl,2.6,3.11,20,70,5400,38,43,40553
isuzu,gas,std,two,hatchback,rwd,front,96,172.6,65.2,51.4,2734,ohc,four,119,spfi,3.6,3.23,13,90,5000,24,29,36610
jaguar,gas,std,four,sedan,rwd,front,113,199.6,69.6,52.8,4066,dohc,six,258,mpfi,2.8,4.17,9,176,4750,15,19,47692
jaguar,gas,std,four,sedan,rwd,front,113,199.6,69.6,52.8,4066,dohc,six,258,mpfi,3.7,4.17,23,176,4750,15,19,34189
jaguar,gas,std,two,sedan,rwd,front,102,191.7,70.6,47.8,3950,ohcv,twelve,326,mpfi,2.6,2.76,16,262,5000,13,17,40007
mazda,gas,std,two,hatchback,fwd,front,93.1,159.1,64.2,54.1,1890,ohc,four,91,2bbl,2.6,3.15,19,68,5000,30,31,42998
mazda,gas,std,two,hatchback,fwd,front,93.1,159.1,64.2,54.1,1900,ohc,four,91,2bbl,3.4,3.15,11,68,5000,31,38,35546
mazda,gas,std,two,hatchback,fwd,front,93.1,159.1,64.2,54.1,1905,ohc,four,91,2bbl,3.9,3.15,18,68,5000,31,38,58651
mazda,gas,std,four,sedan,fwd,front,93.1,166.8,64.2,54.1,1945,ohc,four,91,2bbl,3,3.15,13,68,5000,31,38,50897
mazda,gas,std,four,sedan,fwd,front,93.1,166.8,64.2,54.1,1950,ohc,four,91,2bbl,3.2,3.15,15,68,5000,31,38,27292
mazda,gas,std,two,hatchback,rwd,front,95.3,169,65.7,49.6,2380,rotor,two,70,4bbl,3.8,2.36,10,101,6000,17,23,56056
mazda,gas,std,two,hatchback,rwd,front,95.3,169,65.7,49.6,2380,rotor,two,70,4bbl,3.4,2.36,15,101,6000,17,23,62553
mazda,gas,std,two,hatchback,rwd,front,95.3,169,65.7,49.6,2385,rotor,two,70,4bbl,3.8,2.36,21,101,6000,17,23,48354
mazda,gas,std,two,hatchback,rwd,front,95.3,169,65.7,49.6,2500,rotor,two,80,mpfi,2.9,2.36,18,135,6000,16,23,13800
mazda,gas,std,two,hatchback,fwd,front,98.8,177.8,66.5,53.7,2385,ohc,four,122,2bbl,2.8,3.39,16,84,4800,26,32,62173
mazda,gas,std,four,sedan,fwd,front,98.8,177.8,66.5,55.5,2410,ohc,four,122,2bbl,2.7,3.39,12,84,4800,26,32,9546
mazda,gas,std,two,hatchback,fwd,front,98.8,177.8,66.5,53.7,2385,ohc,four,122,2bbl,3.9,3.39,9,84,4800,26,32,18133
mazda,gas,std,four,sedan,fwd,front,98.8,177.8,66.5,55.5,2410,ohc,four,122,2bbl,3.2,3.39,14,84,4800,26,32,26517
mazda,diesel,std,four,sedan,fwd,front,98.8,177.8,66.5,55.5,2443,ohc,four,122,idi,3.3,3.39,13,64,4650,36,42,61425
mazda,gas,std,four,hatchback,fwd,front,98.8,177.8,66.5,55.5,2425,ohc,four,122,2bbl,3.9,3.39,11,84,4800,26,32,32050
mazda,gas,std,four,sedan,rwd,front,104.9,175,66.1,54.4,2670,ohc,four,140,mpfi,2.9,3.16,18,120,5000,19,27,13130
mazda,diesel,std,four,sedan,rwd,front,104.9,175,66.1,54.4,2700,ohc,four,134,idi,3,3.64,10,72,4200,31,39,56597
mercedes-benz,diesel,turbo,four,sedan,rwd,front,110,190.9,70.3,56.5,3515,ohc,five,183,idi,3.8,3.64,11,123,4350,22,25,15504
mercedes-benz,diesel,turbo,four,wagon,rwd,front,110,190.9,70.3,58.7,3750,ohc,five,183,idi,2.9,3.64,24,123,4350,22,25,14756
mercedes-benz,diesel,turbo,two,hardtop,rwd,front,106.7,187.5,70.3,54.9,3495,ohc,five,183,idi,3.9,3.64,20,123,4350,22,25,17394
mercedes-benz,diesel,turbo,four,sedan,rwd,front,115.6,202.6,71.7,56.3,3770,ohc,five,183,idi,3.9,3.64,13,123,4350,22,25,5447
mercedes-benz,gas,std,four,sedan,rwd,front,115.6,202.6,71.7,56.5,3740,ohcv,eight,234,mpfi,2.8,3.1,13,155,4750,16,18,28887
mercedes-benz,gas,std,two,convertible,rwd,front,96.6,180.3,70.5,50.8,3685,ohcv,eight,234,mpfi,2.6,3.1,13,155,4750,16,18,34308
mercedes-benz,gas,std,four,sedan,rwd,front,120.9,208.1,71.7,56.7,3900,ohcv,eight,308,mpfi,3.2,3.35,18,184,4500,14,16,48229
mercedes-benz,gas,std,two,hardtop,rwd,front,112,199.2,72,55.4,3715,ohcv,eight,304,mpfi,2.8,3.35,12,184,4500,14,16,63373
mercury,gas,turbo,two,hatchback,rwd,front,102.7,178.4,68,54.8,2910,ohc,four,140,mpfi,3.3,3.12,20,175,5000,19,24,62868
mitsubishi,gas,std,two,hatchback,fwd,front,93.7,157.3,64.4,50.8,1918,ohc,four,92,2bbl,3.8,3.23,15,68,5500,37,41,38886
mitsubishi,gas,std,two,hatchback,fwd,front,93.7,157.3,64.4,50.8,1944,ohc,four,92,2bbl,2.7,3.23,16,68,5500,31,38,20800
mitsubishi,gas,std,two,hatchback,fwd,front,93.7,157.3,64.4,50.8,2004,ohc,four,92,2bbl,3,3.23,12,68,5500,31,38,25500
mitsubishi,gas,turbo,two,hatchback,fwd,front,93,157.3,63.8,50.8,2145,ohc,four,98,spdi,3.9,3.39,14,102,5500,24,30,30034
mitsubishi,gas,turbo,two,hatchback,fwd,front,96.3,173,65.4,49.4,2370,ohc,four,110,spdi,2.8,3.46,23,116,5500,23,30,42592
mitsubishi,gas,std,two,hatchback,fwd,front,96.3,173,65.4,49.4,2328,ohc,four,122,2bbl,2.7,3.46,12,88,5000,25,32,15019
mitsubishi,gas,turbo,two,hatchback,fwd,front,95.9,173.2,66.3,50.2,2833,ohc,four,156,spdi,3.3,3.86,11,145,5000,19,24,9730
mitsubishi,gas,turbo,two,hatchback,fwd,front,95.9,173.2,66.3,50.2,2921,ohc,four,156,spdi,3.6,3.86,7,145,5000,19,24,36130
mitsubishi,gas,turbo,two,hatchback,fwd,front,95.9,173.2,66.3,50.2,2926,ohc,four,156,spdi,2.6,3.86,18,145,5000,19,24,65863
mitsubishi,gas,std,four,sedan,fwd,front,96.3,172.4,65.4,51.6,2365,ohc,four,122,2bbl,3.3,3.46,9,88,5000,25,32,53703
mitsubishi,gas,std,four,sedan,fwd,front,96.3,172.4,65.4,51.6,2405,ohc,four,122,2bbl,3.4,3.46,11,88,5000,25,32,58600
mitsubishi,gas,turbo,four,sedan,fwd,front,96.3,172.4,65.4,51.6,2403,ohc,four,110,spdi,3.4,3.46,19,116,5500,23,30,57456
mitsubishi,gas,std,four,sedan,fwd,front,96.3,172.4,65.4,51.6,2403,ohc,four,110,spdi,3,3.46,23,116,5500,23,30,40794
nissan,gas,std,two,sedan,fwd,front,94.5,165.3,63.8,54.5,1889,ohc,four,97,2bbl,3.7,3.29,23,69,5200,31,37,15078
nissan,diesel,std,two,sedan,fwd,front,94.5,165.3,63.8,54.5,2017,ohc,four,103,idi,2.6,3.47,22,55,4800,45,50,6976
nissan,gas,std,two,sedan,fwd,front,94.5,165.3,63.8,54.5,1918,ohc,four,97,2bbl,3.7,3.29,23,69,5200,31,37,28482
nissan,gas,std,four,sedan,fwd,front,94.5,165.3,63.8,54.5,1938,ohc,four,97,2bbl,3.1,3.29,21,69,5200,31,37,40994
nissan,gas,std,four,wagon,fwd,front,94.5,170.2,63.8,53.5,2024,ohc,four,97,2bbl,3.5,3.29,8,69,5200,31,37,5039
nissan,gas,std,two,sedan,fwd,front,94.5,165.3,63.8,54.5,1951,ohc,four,97,2bbl,2.9,3.29,24,69,5200,31,37,60417
nissan,gas,std,two,hatchback,fwd,front,94.5,165.6,63.8,53.3,2028,ohc,four,97,2bbl,3.6,3.29,9,69,5200,31,37,33511
nissan,gas,std,four,sedan,fwd,front,94.5,165.3,63.8,54.5,1971,ohc,four,97,2bbl,2.7,3.29,23,69,5200,31,37,30759
nissan,gas,std,four,wagon,fwd,front,94.5,170.2,63.8,53.5,2037,ohc,four,97,2bbl,3.4,3.29,22,69,5200,31,37,22831
nissan,gas,std,two,hardtop,fwd,front,95.1,162.4,63.8,53.3,2008,ohc,four,97,2bbl,2.7,3.29,20,69,5200,31,37,16806
nissan,gas,std,four,hatchback,fwd,front,97.2,173.4,65.2,54.7,2324,ohc,four,120,2bbl,3.2,3.47,13,97,5200,27,34,64445
nissan,gas,std,four,sedan,fwd,front,97.2,173.4,65.2,54.7,2302,ohc,four,120,2bbl,2.7,3.47,7,97,5200,27,34,48822
nissan,gas,std,four,sedan,fwd,front,100.4,181.7,66.5,55.1,3095,ohcv,six,181,mpfi,2.7,3.27,21,152,5200,17,22,49502
nissan,gas,std,four,wagon,fwd,front,100.4,184.6,66.5,56.1,3296,ohcv,six,181,mpfi,3.1,3.27,15,152,5200,17,22,59221
nissan,gas,std,four,sedan,fwd,front,100.4,184.6,66.5,55.1,3060,ohcv,six,181,mpfi,3.4,3.27,24,152,5200,19,25,58437
nissan,gas,std,two,hatchback,rwd,front,91.3,170.7,67.9,49.7,3071,ohcv,six,181,mpfi,3.7,3.27,19,160,5200,19,25,32876
nissan,gas,turbo,two,hatchback,rwd,front,91.3,170.7,67.9,49.7,3139,ohcv,six,181,mpfi,2.7,3.27,21,200,5200,17,23,46276
nissan,gas,std,two,hatchback,rwd,front,99.2,178.5,67.9,49.7,3139,ohcv,six,181,mpfi,3.4,3.27,8,160,5200,19,25,35104
peugot,gas,std,four,sedan,rwd,front,107.9,186.7,68.4,56.7,3020,rotor,four,120,mpfi,3.3,3.19,7,97,5000,19,24,6159
peugot,diesel,turbo,four,sedan,rwd,front,107.9,186.7,68.4,56.7,3197,rotor,four,152,idi,3.3,3.52,11,95,4150,28,33,57222
peugot,gas,std,four,wagon,rwd,front,114.2,198.9,68.4,58.7,3230,rotor,four,120,mpfi,3.1,3.19,9,97,5000,19,24,31010
peugot,diesel,turbo,four,wagon,rwd,front,114.2,198.9,68.4,58.7,3430,rotor,four,152,idi,2.9,3.52,16,95,4150,25,25,32306
peugot,gas,std,four,sedan,rwd,front,107.9,186.7,68.4,56.7,3075,rotor,four,120,mpfi,3.1,2.19,11,95,5000,19,24,59415
peugot,diesel,turbo,four,sedan,rwd,front,107.9,186.7,68.4,56.7,3252,rotor,four,152,idi,3.2,3.52,21,95,4150,28,33,22619
peugot,gas,std,four,wagon,rwd,front,114.2,198.9,68.4,56.7,3285,rotor,four,120,mpfi,2.7,2.19,20,95,5000,19,24,34609
peugot,diesel,turbo,four,wagon,rwd,front,114.2,198.9,68.4,58.7,3485,rotor,four,152,idi,3,3.52,13,95,4150,25,25,62625
peugot,gas,std,four,sedan,rwd,front,107.9,186.7,68.4,56.7,3075,rotor,four,120,mpfi,3.8,3.19,13,97,5000,19,24,44579
peugot,diesel,turbo,four,sedan,rwd,front,107.9,186.7,68.4,56.7,3252,rotor,four,152,idi,3.4,3.52,14,95,4150,28,33,13808
peugot,gas,turbo,four,sedan,rwd,front,108,186.7,68.3,56,3130,rotor,four,134,mpfi,2.7,3.21,15,142,5600,18,24,33896
plymouth,gas,std,two,hatchback,fwd,front,93.7,157.3,63.8,50.8,1918,ohc,four,90,2bbl,3.4,3.23,7,68,5500,37,41,20548
plymouth,gas,turbo,two,hatchback,fwd,front,93.7,157.3,63.8,50.8,2128,ohc,four,98,spdi,3.7,3.39,9,102,5500,24,30,15539
plymouth,gas,std,four,hatchback,fwd,front,93.7,157.3,63.8,50.6,1967,ohc,four,90,2bbl,3.6,3.23,20,68,5500,31,38,62464
plymouth,gas,std,four,sedan,fwd,front,93.7,167.3,63.8,50.8,1989,ohc,four,90,2bbl,3.8,3.23,12,68,5500,31,38,19733
plymouth,gas,std,four,sedan,fwd,front,93.7,167.3,63.8,50.8,2191,ohc,four,98,2bbl,3.7,3.23,16,68,5500,31,38,44178
plymouth,gas,std,four,wagon,fwd,front,103.3,174.6,64.6,59.8,2535,ohc,four,122,2bbl,3.5,3.46,11,88,5000,24,30,27249
plymouth,gas,turbo,two,hatchback,rwd,front,95.9,173.2,66.3,50.2,2818,ohc,four,156,spdi,3,3.86,7,145,5000,19,24,55149
porsche,gas,std,two,hatchback,rwd,front,94.5,168.9,68.3,50.2,2778,ohc,four,151,mpfi,2.8,3.11,16,143,5500,19,27,65636
porsche,gas,std,two,hardtop,rwd,rear,89.5,168.9,65,51.6,2756,ohcf,six,194,mpfi,2.6,2.9,19,207,5900,17,25,43425
porsche,gas,std,two,hardtop,rwd,rear,89.5,168.9,65,51.6,2756,ohcf,six,194,mpfi,3.2,2.9,24,207,5900,17,25,58229
porsche,gas,std,two,convertible,rwd,rear,89.5,168.9,65,51.6,2800,ohcf,six,194,mpfi,2.6,2.9,20,207,5900,17,25,46111
porsche,gas,std,two,hatchback,rwd,front,98.4,175.7,72.3,50.5,3366,dohcv,eight,203,mpfi,3.4,3.11,16,288,5750,17,28,10066
renault,gas,std,four,wagon,fwd,front,96.1,181.5,66.5,55.2,2579,ohc,four,132,mpfi,3.8,3.9,22,55,5800,23,31,46339
renault,gas,std,two,hatchback,fwd,front,96.1,176.8,66.6,50.5,2460,ohc,four,132,mpfi,3.9,3.9,18,64,5900,23,31,11167
saab,gas,std,two,hatchback,fwd,front,99.1,186.6,66.5,56.1,2658,ohc,four,121,mpfi,2.8,3.07,17,110,5250,21,28,39344
saab,gas,std,four,sedan,fwd,front,99.1,186.6,66.5,56.1,2695,ohc,four,121,mpfi,2.8,3.07,8,110,5250,21,28,23649
saab,gas,std,two,hatchback,fwd,front,99.1,186.6,66.5,56.1,2707,ohc,four,121,mpfi,3.6,2.07,9,110,5250,21,28,43303
saab,gas,std,four,sedan,fwd,front,99.1,186.6,66.5,56.1,2758,ohc,four,121,mpfi,3.9,3.07,20,110,5250,21,28,36011
saab,gas,turbo,two,hatchback,fwd,front,99.1,186.6,66.5,56.1,2808,dohc,four,121,mpfi,3.1,3.07,16,160,5500,19,26,46138
saab,gas,turbo,four,sedan,fwd,front,99.1,186.6,66.5,56.1,2847,dohc,four,121,mpfi,3.4,3.07,14,160,5500,19,26,16784
subaru,gas,std,two,hatchback,fwd,front,93.7,156.9,63.4,53.7,2050,ohcf,four,97,2bbl,3.2,2.36,16,69,4900,31,36,35174
subaru,gas,std,two,hatchback,fwd,front,93.7,157.9,63.6,53.7,2120,ohcf,four,108,2bbl,3.3,2.64,14,73,4400,26,31,53067
subaru,gas,std,two,hatchback,4wd,front,93.3,157.3,63.8,55.7,2240,ohcf,four,108,2bbl,3.2,2.64,19,73,4400,26,31,59171
subaru,gas,std,four,sedan,fwd,front,97.2,172,65.4,52.5,2145,ohcf,four,108,2bbl,3.8,2.64,13,82,4800,32,37,7365
subaru,gas,std,four,sedan,fwd,front,97.2,172,65.4,52.5,2190,ohcf,four,108,2bbl,3.1,2.64,15,82,4400,28,33,10556
subaru,gas,std,four,sedan,fwd,front,97.2,172,65.4,52.5,2340,ohcf,four,108,mpfi,3.3,2.64,21,94,5200,26,32,31327
subaru,gas,std,four,sedan,4wd,front,97,172,65.4,54.3,2385,ohcf,four,108,2bbl,2.9,2.64,19,82,4800,24,25,58634
subaru,gas,turbo,four,sedan,4wd,front,97,172,65.4,54.3,2510,ohcf,four,108,mpfi,2.9,2.64,20,111,4800,24,29,53310
subaru,gas,std,four,wagon,fwd,front,97,173.5,65.4,53,2290,ohcf,four,108,2bbl,3.6,2.64,22,82,4800,28,32,26462
subaru,gas,std,four,wagon,fwd,front,97,173.5,65.4,53,2455,ohcf,four,108,mpfi,3.7,2.64,13,94,5200,25,31,5856
subaru,gas,std,four,wagon,4wd,front,96.9,173.6,65.4,54.9,2420,ohcf,four,108,2bbl,3.6,2.64,17,82,4800,23,29,16278
subaru,gas,turbo,four,wagon,4wd,front,96.9,173.6,65.4,54.9,2650,ohcf,four,108,mpfi,3.4,2.64,23,111,4800,23,23,39649
toyota,gas,std,two,hatchback,fwd,front,95.7,158.7,63.6,54.5,1985,ohc,four,92,2bbl,3.2,3.03,23,62,4800,35,39,30674
toyota,gas,std,two,hatchback,fwd,front,95.7,158.7,63.6,54.5,2040,ohc,four,92,2bbl,2.7,3.03,23,62,4800,31,38,11752
toyota,gas,std,four,hatchback,fwd,front,95.7,158.7,63.6,54.5,2015,ohc,four,92,2bbl,3.5,3.03,11,62,4800,31,38,46220
toyota,gas,std,four,wagon,fwd,front,95.7,169.7,63.6,59.1,2280,ohc,four,92,2bbl,2.9,3.03,16,62,4800,31,37,12898
toyota,gas,std,four,wagon,4wd,front,95.7,169.7,63.6,59.1,2290,ohc,four,92,2bbl,3.3,3.03,23,62,4800,27,32,22703
toyota,gas,std,four,wagon,4wd,front,95.7,169.7,63.6,59.1,3110,ohc,four,92,2bbl,3.1,3.03,20,62,4800,27,32,5747
toyota,gas,std,four,sedan,fwd,front,95.7,166.3,64.4,53,2081,ohc,four,98,2bbl,2.6,3.03,14,70,4800,30,37,12315
toyota,gas,std,four,hatchback,fwd,front,95.7,166.3,64.4,52.8,2109,ohc,four,98,2bbl,2.7,3.03,15,70,4800,30,37,38240
toyota,diesel,std,four,sedan,fwd,front,95.7,166.3,64.4,53,2275,ohc,four,110,idi,2.7,3.35,12,56,4500,34,36,38456
toyota,diesel,std,four,hatchback,fwd,front,95.7,166.3,64.4,52.8,2275,ohc,four,110,idi,3,3.35,23,56,4500,38,47,42367
toyota,gas,std,four,sedan,fwd,front,95.7,166.3,64.4,53,2094,ohc,four,98,2bbl,3.9,3.03,16,70,4800,38,47,29368
toyota,gas,std,four,hatchback,fwd,front,95.7,166.3,64.4,52.8,2122,ohc,four,98,2bbl,3.9,3.03,19,70,4800,28,34,12460
toyota,gas,std,four,sedan,fwd,front,95.7,166.3,64.4,52.8,2140,ohc,four,98,2bbl,3.2,3.03,15,70,4800,28,34,55293
toyota,gas,std,two,sedan,rwd,front,94.5,168.7,64,52.6,2169,ohc,four,98,2bbl,3.1,3.03,15,70,4800,29,34,12107
toyota,gas,std,two,hatchback,rwd,front,94.5,168.7,64,52.6,2204,ohc,four,98,2bbl,3.5,3.03,8,70,4800,29,34,62498
toyota,gas,std,two,sedan,rwd,front,94.5,168.7,64,52.6,2265,dohc,four,98,mpfi,3.1,3.08,12,112,6600,26,29,20245
toyota,gas,std,two,hatchback,rwd,front,94.5,168.7,64,52.6,2300,dohc,four,98,mpfi,3.7,3.08,16,112,6600,26,29,37083
toyota,gas,std,two,hardtop,rwd,front,98.4,176.2,65.6,52,2540,ohc,four,146,mpfi,3.7,3.5,15,116,4800,24,30,36965
toyota,gas,std,two,hardtop,rwd,front,98.4,176.2,65.6,52,2536,ohc,four,146,mpfi,3.3,3.5,19,116,4800,24,30,37663
toyota,gas,std,two,hatchback,rwd,front,98.4,176.2,65.6,52,2551,ohc,four,146,mpfi,3.2,3.5,18,116,4800,24,30,48499
toyota,gas,std,two,hardtop,rwd,front,98.4,176.2,65.6,52,2679,ohc,four,146,mpfi,3.6,3.5,7,116,4800,24,30,26463
toyota,gas,std,two,hatchback,rwd,front,98.4,176.2,65.6,52,2714,ohc,four,146,mpfi,2.6,3.5,22,116,4800,24,30,7782
toyota,gas,std,two,convertible,rwd,front,98.4,176.2,65.6,53,2975,ohc,four,146,mpfi,3.6,3.5,17,116,4800,24,30,36320
toyota,gas,std,four,sedan,fwd,front,102.4,175.6,66.5,54.9,2326,ohc,four,122,mpfi,3.6,3.54,22,92,4200,29,34,13606
toyota,diesel,turbo,four,sedan,fwd,front,102.4,175.6,66.5,54.9,2480,ohc,four,110,idi,3.1,3.35,23,73,4500,30,33,34636
toyota,gas,std,four,hatchback,fwd,front,102.4,175.6,66.5,53.9,2414,ohc,four,122,mpfi,3.1,3.54,15,92,4200,27,32,45267
toyota,gas,std,four,sedan,fwd,front,102.4,175.6,66.5,54.9,2414,ohc,four,122,mpfi,3.6,3.54,12,92,4200,27,32,51615
toyota,gas,std,four,hatchback,fwd,front,102.4,175.6,66.5,53.9,2458,ohc,four,122,mpfi,2.7,3.54,16,92,4200,27,32,58724
toyota,gas,std,two,hatchback,rwd,front,102.9,183.5,67.7,52,2976,dohc,six,171,mpfi,2.9,3.35,10,161,5200,20,24,10808
toyota,gas,std,two,hatchback,rwd,front,102.9,183.5,67.7,52,3016,dohc,six,171,mpfi,3.7,3.35,10,161,5200,19,24,38526
toyota,gas,std,four,sedan,rwd,front,104.5,187.8,66.5,54.1,3131,dohc,six,171,mpfi,3.4,3.35,12,156,5200,20,24,36087
toyota,gas,std,four,wagon,rwd,front,104.5,187.8,66.5,54.1,3151,dohc,six,161,mpfi,2.9,3.35,10,156,5200,19,24,60942
volkswagen,diesel,std,two,sedan,fwd,front,97.3,171.7,65.5,55.7,2261,ohc,four,97,idi,3.8,3.4,18,52,4800,37,46,22153
volkswagen,gas,std,two,sedan,fwd,front,97.3,171.7,65.5,55.7,2209,ohc,four,109,mpfi,3.7,3.4,23,85,5250,27,34,21803
volkswagen,diesel,std,four,sedan,fwd,front,97.3,171.7,65.5,55.7,2264,ohc,four,97,idi,2.8,3.4,17,52,4800,37,46,37425
volkswagen,gas,std,four,sedan,fwd,front,97.3,171.7,65.5,55.7,2212,ohc,four,109,mpfi,2.7,3.4,20,85,5250,27,34,64108
volkswagen,gas,std,four,sedan,fwd,front,97.3,171.7,65.5,55.7,2275,ohc,four,109,mpfi,3.1,3.4,21,85,5250,27,34,28489
volkswagen,diesel,turbo,four,sedan,fwd,front,97.3,171.7,65.5,55.7,2319,ohc,four,97,idi,3.5,3.4,7,68,4500,37,42,60308
volkswagen,gas,std,four,sedan,fwd,front,97.3,171.7,65.5,55.7,2300,ohc,four,109,mpfi,3,3.4,11,100,5500,26,32,33409
volkswagen,gas,std,two,convertible,fwd,front,94.5,159.3,64.2,55.6,2254,ohc,four,109,mpfi,3.4,3.4,19,90,5500,24,29,51770
volkswagen,gas,std,two,hatchback,fwd,front,94.5,165.7,64,51.4,2221,ohc,four,109,mpfi,2.6,3.4,17,90,5500,24,29,51954
volkswagen,gas,std,four,sedan,fwd,front,100.4,180.2,66.9,55.1,2661,ohc,five,136,mpfi,3.4,3.4,14,110,5500,19,24,59771
volkswagen,diesel,turbo,four,sedan,fwd,front,100.4,180.2,66.9,55.1,2579,ohc,four,97,idi,3.9,3.4,8,68,4500,33,38,21689
volkswagen,gas,std,four,wagon,fwd,front,100.4,183.1,66.9,55.1,2563,ohc,four,109,mpfi,3.6,3.4,13,88,5500,25,31,24329
volvo,gas,std,four,sedan,rwd,front,104.3,188.8,67.2,56.2,2912,ohc,four,141,mpfi,2.6,3.15,19,114,5400,23,28,50866
volvo,gas,std,four,wagon,rwd,front,104.3,188.8,67.2,57.5,3034,ohc,four,141,mpfi,3,3.15,21,114,5400,23,28,27162
volvo,gas,std,four,sedan,rwd,front,104.3,188.8,67.2,56.2,2935,ohc,four,141,mpfi,3.7,3.15,14,114,5400,24,28,35747
volvo,gas,std,four,wagon,rwd,front,104.3,188.8,67.2,57.5,3042,ohc,four,141,mpfi,3.2,3.15,15,114,5400,24,28,34333
volvo,gas,turbo,four,sedan,rwd,front,104.3,188.8,67.2,56.2,3045,ohc,four,130,mpfi,3.9,3.15,11,162,5100,17,22,9325
volvo,gas,turbo,four,wagon,rwd,front,104.3,188.8,67.2,57.5,3157,ohc,four,130,mpfi,3.9,3.15,14,162,5100,17,22,25908
volvo,gas,std,four,sedan,rwd,front,109.1,188.8,68.9,55.5,2952,ohc,four,141,mpfi,2.6,3.15,24,114,5400,23,28,29103
volvo,gas,turbo,four,sedan,rwd,front,109.1,188.8,68.8,55.5,3049,ohc,four,141,mpfi,3.6,3.15,7,160,5300,19,25,28747
volvo,gas,std,four,sedan,rwd,front,109.1,188.8,68.9,55.5,3012,ohcv,six,173,mpfi,3.4,2.87,21,134,5500,18,23,5174
volvo,diesel,turbo,four,sedan,rwd,front,109.1,188.8,68.9,55.5,3217,ohc,six,145,idi,3.9,3.4,22,106,4800,26,27,16952
volvo,gas,turbo,four,sedan,rwd,front,109.1,188.8,68.9,55.5,3062,ohc,four,141,mpfi,3.9,3.15,17,114,5400,19,25,39670